Route,Run,Sequence,Stop_Code_LBSL,Bus_Stop_Code_x,Naptan_Atco_x,Stop_Name_x,Location_Easting_x,Location_Northing_x,Heading_x,Virtual_Bus_Stop_x,Bus_Stop_Code_y,Naptan_Atco_y,Stop_Name_y,Location_Easting_y,Location_Northing_y,Heading_y,Stop_Area,Virtual_Bus_Stop_y
1.0,1.0,1.0,14456,53369.0,490000235Z,NEW OXFORD STREET,529956.0,181417.0,75.0,0.0,,,,,,,,
1.0,1.0,2.0,29844,54468.0,490010131WB,MUSEUM STREET,530237.0,181523.0,53.0,0.0,,,,,,,,
1.0,1.0,3.0,26425,54321.0,490000112M,HOLBORN STATION <>,530561.0,181433.0,155.0,0.0,,,,,,,,
1.0,1.0,4.0,29984,75466.0,490019704K,ALDWYCH / THE ROYAL COURTS OF JUSTICE,530822.0,181068.0,97.0,0.0,,,,,,,,
1.0,1.0,5.0,29985,55244.0,490003193S,ALDWYCH / SOMERSET HOUSE,530747.0,180897.0,248.0,0.0,,,,,,,,
4.0,1.0,50.0,29985,55244.0,490003193S,ALDWYCH / SOMERSET HOUSE,530747.0,180897.0,248.0,0.0,,,,,,,,
1.0,1.0,6.0,1835,71368.0,490014271N,WATERLOO BRIDGE / SOUTH BANK,530890.0,180366.0,149.0,0.0,,,,,,,,
4.0,1.0,51.0,1835,71368.0,490014271N,WATERLOO BRIDGE / SOUTH BANK,530890.0,180366.0,149.0,0.0,,,,,,,,
1.0,1.0,7.0,2593,75793.0,490000254E,WATERLOO STATION / WATERLOO ROAD <> #,531182.0,179979.0,142.0,0.0,,,,,,,,
4.0,1.0,52.0,2593,75793.0,490000254E,WATERLOO STATION / WATERLOO ROAD <> #,531182.0,179979.0,142.0,0.0,,,,,,,,
1.0,1.0,9.0,2597,51551.0,490012693S2,ST GEORGE'S CIRCUS,531555.0,179498.0,141.0,0.0,,,,,,,,
1.0,1.0,10.0,26212,56108.0,490009281E,ELEPHANT & CASTLE / LONDON ROAD,531898.0,179171.0,140.0,0.0,,,,,,,,
1.0,1.0,11.0,26747,77998.0,490000073K,ELEPHANT & CASTLE / NEW KENT ROAD,532084.0,179060.0,106.0,0.0,,,,,,,,
1.0,1.0,12.0,2574,74809.0,490011632BA,RODNEY PLACE,532382.0,178974.0,98.0,0.0,,,,,,,,
1.0,1.0,13.0,34289,77752.0,490003658BC,BRICKLAYER'S ARMS / NEW KENT ROAD,532853.0,178999.0,86.0,0.0,,,,,,,,
1.0,1.0,14.0,34290,77495.0,490004315BH,BRICKLAYER'S ARMS / TOWER BRIDGE ROAD,533143.0,179158.0,38.0,0.0,,,,,,,,
1.0,1.0,15.0,1206,73143.0,490007533E,GRIGGS PLACE,533331.0,179246.0,113.0,0.0,,,,,,,,
1.0,1.0,16.0,13644,75041.0,490006792E,FENDALL STREET,533502.0,179166.0,117.0,0.0,,,,,,,,
1.0,1.0,17.0,1130,54690.0,490012367E,SPA ROAD,533647.0,179074.0,146.0,0.0,,,,,,,,
1.0,1.0,18.0,13647,48408.0,490003275E,ALSCOT ROAD,533784.0,178952.0,128.0,0.0,,,,,,,,
1.0,1.0,19.0,13649,51637.0,490003533E,HARRIS ACADEMY,534005.0,178859.0,87.0,0.0,,,,,,,,
1.0,1.0,20.0,26204,76211.0,490012353E,SOUTHWARK PARK ROAD / ST JAMES'S ROAD,534373.0,178821.0,95.0,0.0,,,,,,,,
1.0,1.0,21.0,26206,57850.0,490003311E,ANCHOR STREET,534689.0,178810.0,96.0,0.0,,,,,,,,
1.0,1.0,22.0,26208,49013.0,490009482S,LYNTON ROAD,534794.0,178625.0,156.0,0.0,,,,,,,,
1.0,1.0,23.0,1211,51063.0,490007086B,GALLEYWALL ROAD / SOUTH BERMONDSEY STN#,534925.0,178466.0,135.0,0.0,,,,,,,,
1.0,1.0,24.0,1212,52115.0,490003716E,BEAMISH HOUSE,535036.0,178531.0,49.0,0.0,,,,,,,,
1.0,1.0,25.0,13626,52998.0,490005603E,CORBETTS LANE / THE JOLLY GARDENERS,535256.0,178685.0,67.0,0.0,,,,,,,,
1.0,1.0,26.0,33452,73728.0,490014228E,WARNDON STREET,535441.0,178709.0,88.0,0.0,,,,,,,,
1.0,1.0,27.0,33453,51433.0,490000229O,SURREY QUAYS STATION #,535615.0,178908.0,330.0,0.0,,,,,,,,
1.0,1.0,28.0,2216,58011.0,490011723P,ROTHERHITHE POLICE STATION,535369.0,179191.0,320.0,0.0,,,,,,,,
1.0,1.0,29.0,BP2390,58185.0,490004733D,CANADA WATER BUS STATION,535459.0,179492.0,308.0,0.0,,,,,,,,
1.0,2.0,1.0,BP2391,48366.0,490004733C,CANADA WATER BUS STATION,535464.0,179452.0,147.0,0.0,,,,,,,,
1.0,2.0,2.0,25923,73142.0,490011723E,ROTHERHITHE POLICE STATION,535431.0,179136.0,138.0,0.0,,,,,,,,
1.0,2.0,3.0,40071,53864.0,490013042J,SURREY QUAYS SHOPPING CENTRE,535727.0,179040.0,70.0,0.0,,,,,,,,
1.0,2.0,4.0,13668,52763.0,490000229L,SURREY QUAYS STATION #,535746.0,178974.0,237.0,0.0,,,,,,,,
1.0,2.0,5.0,BP2413,73163.0,490011722Q,WARNDON STREET,535541.0,178716.0,254.0,0.0,,,,,,,,
1.0,2.0,6.0,13627,54005.0,490005603W,CORBETTS LANE / THE JOLLY GARDENERS,535197.0,178650.0,244.0,0.0,,,,,,,,
1.0,2.0,7.0,1213,50548.0,490011719A,ROTHERHITHE NEW RD / STH BERMONDSEY STN#,534975.0,178453.0,221.0,0.0,,,,,,,,
1.0,2.0,8.0,13660,47019.0,490009482N,LYNTON ROAD,534800.0,178590.0,325.0,0.0,,,,,,,,
1.0,2.0,9.0,26207,73710.0,490003311N,ANCHOR STREET,534721.0,178769.0,334.0,0.0,,,,,,,,
1.0,2.0,10.0,26205,59309.0,490012353W,SOUTHWARK PARK ROAD / ST JAMES'S ROAD,534459.0,178798.0,278.0,0.0,,,,,,,,
1.0,2.0,11.0,13650,53681.0,490011538W,REVERDY ROAD,534116.0,178849.0,277.0,0.0,,,,,,,,
1.0,2.0,12.0,13648,58000.0,490003275W,ALSCOT ROAD,533769.0,178941.0,306.0,0.0,,,,,,,,
1.0,2.0,13.0,1129,74537.0,490012367W,SPA ROAD,533542.0,179133.0,299.0,0.0,,,,,,,,
1.0,2.0,14.0,1208,71774.0,490007362S,GRANGE ROAD / CALEDONIAN MARKET,533220.0,179239.0,228.0,0.0,,,,,,,,
1.0,2.0,15.0,4610,72318.0,490015272BJ,BRICKLAYER'S ARMS / TOWER BRIDGE ROAD,533101.0,179092.0,227.0,0.0,,,,,,,,
1.0,2.0,16.0,34288,48216.0,490003658BS,BRICKLAYER'S ARMS / NEW KENT ROAD,532674.0,178961.0,275.0,0.0,,,,,,,,
1.0,2.0,17.0,2573,49564.0,490011632BT,RODNEY PLACE,532364.0,178968.0,280.0,0.0,,,,,,,,
1.0,2.0,18.0,33628,53709.0,490000073M,ELEPHANT & CASTLE / NEW KENT ROAD,532136.0,179029.0,286.0,0.0,,,,,,,,
1.0,2.0,19.0,BP3718,74792.0,490009281A,ELEPHANT & CASTLE / LONDON ROAD,531872.0,179174.0,320.0,0.0,,,,,,,,
1.0,2.0,20.0,2596,51165.0,490012693N1,ST GEORGE'S CIRCUS,531475.0,179576.0,320.0,0.0,,,,,,,,
1.0,2.0,22.0,BP1619,72073.0,490000254K,WATERLOO STATION / TENISON WAY <> #,531013.0,180067.0,311.0,0.0,,,,,,,,
1.0,2.0,23.0,25893,71234.0,490014270P,WATERLOO BRIDGE / SOUTH BANK,530920.0,180276.0,330.0,0.0,,,,,,,,
4.0,2.0,2.0,25893,71234.0,490014270P,WATERLOO BRIDGE / SOUTH BANK,530920.0,180276.0,330.0,0.0,,,,,,,,
1.0,2.0,24.0,36886,71098.0,490008932T,LANCASTER PLACE,530650.0,180735.0,333.0,0.0,,,,,,,,
4.0,2.0,3.0,36886,71098.0,490008932T,LANCASTER PLACE,530650.0,180735.0,333.0,0.0,,,,,,,,
1.0,2.0,25.0,36599,51800.0,490003191F,ALDWYCH,530685.0,181029.0,50.0,0.0,,,,,,,,
1.0,2.0,26.0,455,77665.0,490000112P,HOLBORN STATION <>,530523.0,181469.0,336.0,0.0,,,,,,,,
1.0,2.0,27.0,BP1340,58945.0,490006203RA,DRURY LANE,530259.0,181386.0,227.0,0.0,,,,,,,,
1.0,2.0,28.0,BP883,47657.0,490000235N,TOTTENHAM COURT ROAD <>,529930.0,181363.0,341.0,0.0,,,,,,,,
2.0,1.0,1.0,BP197,76831.0,490000145L,MARYLEBONE STATION <> #,527565.0,181988.0,72.0,0.0,,,,,,,,
2.0,1.0,2.0,725,59130.0,490011124F,YORK STREET,527959.0,181877.0,163.0,0.0,,,,,,,,
2.0,1.0,3.0,26597,75334.0,490004096H,BLANDFORD STREET,528052.0,181577.0,163.0,0.0,,,,,,,,
2.0,1.0,4.0,449,57258.0,490010622BA,ORCHARD STREET / SELFRIDGES,528188.0,181137.0,163.0,0.0,,,,,,,,
2.0,1.0,5.0,29907,53906.0,490000144R,MARBLE ARCH STATION <>,527937.0,180890.0,161.0,0.0,,,,,,,,
2.0,1.0,6.0,29626,77410.0,490006111S1,DORCHESTER HOTEL,528213.0,180428.0,146.0,0.0,,,,,,,,
2.0,1.0,7.0,29997,71053.0,490009277B,LONDON HILTON HOTEL,528430.0,180125.0,162.0,0.0,,,,,,,,
2.0,1.0,8.0,36857,53748.0,490000119F,HYDE PARK CORNER,528456.0,179749.0,238.0,0.0,,,,,,,,
2.0,1.0,9.0,27945,58170.0,490014728S,WILTON STREET,528659.0,179442.0,144.0,0.0,,,,,,,,
2.0,1.0,10.0,33477,48837.0,490004555P,BRESSENDEN PLACE,528914.0,179235.0,204.0,0.0,,,,,,,,
2.0,1.0,11.0,R0471,56026.0,490000248F,VICTORIA STATION <>#,528968.0,179111.0,92.0,0.0,,,,,,,,
2.0,1.0,12.0,26112,58226.0,490010164L,NEATHOUSE PLACE,529089.0,179012.0,154.0,0.0,,,,,,,,
2.0,1.0,13.0,26338,75385.0,490011617E,ROCHESTER ROW,529282.0,178797.0,126.0,0.0,,,,,,,,
2.0,1.0,14.0,1948,49193.0,490012542S,STANFORD STREET,529574.0,178586.0,126.0,0.0,,,,,,,,
2.0,1.0,15.0,29977,76066.0,490000180D,PIMLICO STATION <>,529803.0,178421.0,125.0,0.0,,,,,,,,
2.0,1.0,16.0,BP4319,47291.0,490000247D,VAUXHALL BUS STATION,530340.0,177951.0,18.0,0.0,,,,,,,,
2.0,1.0,17.0,12448,52924.0,490014021V,VAUXHALL PARK,530426.0,177735.0,191.0,0.0,,,,,,,,
2.0,1.0,18.0,12817,53894.0,490014560S,WHEATSHEAF LANE,530337.0,177550.0,190.0,0.0,,,,,,,,
2.0,1.0,19.0,609,50758.0,490013161S,TATE LIBRARY,530375.0,177314.0,154.0,0.0,,,,,,,,
2.0,1.0,20.0,26340,59086.0,490013623S,THORNE ROAD,530439.0,176987.0,172.0,0.0,,,,,,,,
2.0,1.0,21.0,24647,47401.0,490000223B,SOUTH LAMBETH ROAD / STOCKWELL STN <>,530500.0,176662.0,170.0,0.0,,,,,,,,
2.0,1.0,22.0,534,50936.0,490012832X,STOCKWELL GARDENS,530565.0,176405.0,151.0,0.0,,,,,,,,
2.0,1.0,23.0,12826,54959.0,490008500S,IRVING GROVE,530687.0,176195.0,151.0,0.0,,,,,,,,
2.0,1.0,24.0,12827,75155.0,490012833S1,STOCKWELL GREEN,530762.0,176056.0,149.0,0.0,,,,,,,,
2.0,1.0,25.0,BP4154,53827.0,490012578B,STANSFIELD ROAD,530907.0,175830.0,152.0,0.0,,,,,,,,
2.0,1.0,26.0,BP1785,73696.0,490007523B,BRIXTON ACADEMY,531021.0,175709.0,128.0,0.0,,,,,,,,
2.0,1.0,27.0,25945,58511.0,490000031P,BRIXTON STATION <> #,531029.0,175344.0,195.0,0.0,,,,,,,,
2.0,1.0,28.0,34748,72951.0,490012808Z,ST MATTHEWS CHURCH,531031.0,175105.0,166.0,0.0,,,,,,,,
2.0,1.0,29.0,13247,77342.0,490012810S,ST MATTHEWS ESTATE,531073.0,174927.0,166.0,0.0,,,,,,,,
3.0,1.0,28.0,13247,77342.0,490012810S,ST MATTHEWS ESTATE,531073.0,174927.0,166.0,0.0,,,,,,,,
2.0,1.0,30.0,484,48483.0,490010053S,MORVAL ROAD,531124.0,174723.0,168.0,0.0,,,,,,,,
3.0,1.0,29.0,484,48483.0,490010053S,MORVAL ROAD,531124.0,174723.0,168.0,0.0,,,,,,,,
2.0,1.0,31.0,25681,48978.0,490015275S2,BRIXTON WATER LANE,531174.0,174565.0,161.0,0.0,,,,,,,,
2.0,1.0,32.0,25683,47037.0,490006080S,JUBILEE PRIMARY SCHOOL,531210.0,174170.0,167.0,0.0,,,,,,,,
2.0,1.0,33.0,25685,58854.0,490005366S,CRAIGNAIR ROAD,531219.0,173826.0,182.0,0.0,,,,,,,,
2.0,1.0,34.0,25687,54916.0,490013950S,UPPER TULSE HILL,531367.0,173415.0,151.0,0.0,,,,,,,,
2.0,1.0,35.0,25689,56270.0,490008194S,HIGH TREES,531478.0,173212.0,148.0,0.0,,,,,,,,
2.0,1.0,36.0,25691,56165.0,490013839A,TULSE HILL TAVERN,531618.0,173072.0,117.0,0.0,,,,,,,,
2.0,1.0,37.0,7730,57741.0,490001298G,TULSE HILL STATION #,531729.0,172860.0,170.0,0.0,,,,,,,,
2.0,1.0,38.0,13263,49782.0,490014508H,WEST NORWOOD FIRE STATION,531774.0,172679.0,161.0,0.0,,,,,,,,
2.0,1.0,39.0,13266,50360.0,490008927L,LANCASTER AVENUE,531875.0,172462.0,161.0,0.0,,,,,,,,
2.0,1.0,40.0,9449,54438.0,490013655P,NORWOOD ROAD / ROBSON ROAD,531917.0,172263.0,172.0,0.0,,,,,,,,
2.0,1.0,41.0,34686,47772.0,490001331T,WEST NORWOOD STATION #,532000.0,172004.0,160.0,0.0,,,,,,,,
2.0,1.0,42.0,37121,54291.0,490010444W,NORWOOD BUS GARAGE,531937.0,171782.0,268.0,0.0,,,,,,,,
2.0,2.0,1.0,37121,54291.0,490010444W,NORWOOD BUS GARAGE,531937.0,171782.0,268.0,0.0,,,,,,,,
2.0,2.0,2.0,13339,48384.0,490012754N,ST JULIAN'S FARM ROAD,531874.0,171832.0,355.0,0.0,,,,,,,,
2.0,2.0,3.0,26299,57513.0,490001331W,WEST NORWOOD STATION #,531898.0,172078.0,3.0,0.0,,,,,,,,
2.0,2.0,4.0,26301,75624.0,490013655N,NORWOOD ROAD / ROBSON ROAD,531902.0,172269.0,352.0,0.0,,,,,,,,
2.0,2.0,5.0,26402,56931.0,490008927K,LANCASTER AVENUE,531808.0,172566.0,331.0,0.0,,,,,,,,
2.0,2.0,6.0,35303,50055.0,490001298E,TULSE HILL STATION #,531625.0,172951.0,276.0,0.0,,,,,,,,
2.0,2.0,7.0,35304,77954.0,490007778D,HARDEL RISE,531554.0,173060.0,20.0,0.0,,,,,,,,
2.0,2.0,8.0,R0511,58889.0,490008194N,HIGH TREES,531429.0,173276.0,331.0,0.0,,,,,,,,
2.0,2.0,9.0,25686,72908.0,490013950N,UPPER TULSE HILL,531301.0,173505.0,332.0,0.0,,,,,,,,
2.0,2.0,10.0,25684,77860.0,490006080N,CRAIGNAIR ROAD,531214.0,173900.0,3.0,0.0,,,,,,,,
2.0,2.0,11.0,25682,75206.0,490004401N,JUBILEE PRIMARY SCHOOL,531192.0,174206.0,348.0,0.0,,,,,,,,
2.0,2.0,12.0,25680,76213.0,490015275N2,BRIXTON WATER LANE,531173.0,174531.0,341.0,0.0,,,,,,,,
2.0,2.0,13.0,13246,49050.0,490005847N,MORVAL ROAD,531104.0,174756.0,345.0,0.0,,,,,,,,
3.0,2.0,22.0,13246,49050.0,490005847N,MORVAL ROAD,531104.0,174756.0,345.0,0.0,,,,,,,,
2.0,2.0,14.0,BP4246,77524.0,490012810N,ST MATTHEWS ESTATE,531053.0,174958.0,346.0,0.0,,,,,,,,
3.0,2.0,23.0,BP4246,77524.0,490012810N,ST MATTHEWS ESTATE,531053.0,174958.0,346.0,0.0,,,,,,,,
2.0,2.0,15.0,29249,51103.0,490008919W,LAMBETH TOWN HALL,530945.0,175146.0,18.0,0.0,,,,,,,,
2.0,2.0,16.0,231,73875.0,490000031T,BRIXTON STATION <> #,531012.0,175360.0,15.0,0.0,,,,,,,,
2.0,2.0,17.0,421,48876.0,490007523C,BRIXTON ACADEMY,531034.0,175685.0,309.0,0.0,,,,,,,,
2.0,2.0,18.0,26341,59344.0,490012578N,STANSFIELD ROAD,530879.0,175858.0,330.0,0.0,,,,,,,,
2.0,2.0,19.0,12825,52744.0,490012833S2,STOCKWELL GREEN,530736.0,176074.0,331.0,0.0,,,,,,,,
2.0,2.0,20.0,509,48123.0,490000223R,STOCKWELL GARDENS,530534.0,176431.0,331.0,0.0,,,,,,,,
2.0,2.0,21.0,BP2502,71202.0,490000223A,SOUTH LAMBETH ROAD / STOCKWELL STN <>,530500.0,176566.0,353.0,0.0,,,,,,,,
2.0,2.0,22.0,12822,54886.0,490015169N,LANSDOWNE WAY,530447.0,176825.0,352.0,0.0,,,,,,,,
2.0,2.0,23.0,12818,54648.0,490013623N,THORNE ROAD,530427.0,176984.0,352.0,0.0,,,,,,,,
2.0,2.0,24.0,608,52059.0,490013161N,TATE LIBRARY,530406.0,177161.0,356.0,0.0,,,,,,,,
2.0,2.0,25.0,26339,58488.0,490014560N,WHEATSHEAF LANE,530319.0,177424.0,345.0,0.0,,,,,,,,
2.0,2.0,26.0,12213,75039.0,490014021W,VAUXHALL PARK,530402.0,177756.0,1.0,0.0,,,,,,,,
2.0,2.0,27.0,BP4316,74388.0,490000247A,VAUXHALL BUS STATION,530362.0,178032.0,320.0,0.0,,,,,,,,
2.0,2.0,28.0,369,52510.0,490007550X,VAUXHALL BRIDGE / MILLBANK,530026.0,178243.0,304.0,0.0,,,,,,,,
2.0,2.0,29.0,29976,57815.0,490000180A,PIMLICO STATION <>,529769.0,178420.0,307.0,0.0,,,,,,,,
2.0,2.0,30.0,351,57706.0,490011617N,ROCHESTER ROW,529409.0,178690.0,307.0,0.0,,,,,,,,
2.0,2.0,31.0,1945,48030.0,490010164K,NEATHOUSE PLACE,529133.0,178903.0,326.0,0.0,,,,,,,,
2.0,2.0,32.0,7869,57096.0,490000248H,VICTORIA STATION <> #,528998.0,179046.0,338.0,0.0,,,,,,,,
2.0,2.0,33.0,33447,76848.0,490007544Q,GROSVENOR GARDENS,528813.0,179185.0,300.0,0.0,,,,,,,,
2.0,2.0,34.0,7982,47452.0,490005138N,WILTON STREET,528630.0,179452.0,324.0,0.0,,,,,,,,
2.0,2.0,35.0,4900,77064.0,490000119K,HYDE PARK CORNER,528433.0,179666.0,315.0,0.0,,,,,,,,
2.0,2.0,36.0,29622,53919.0,490009277Y,LONDON HILTON HOTEL,528347.0,180080.0,9.0,0.0,,,,,,,,
2.0,2.0,37.0,29623,54323.0,490006111N2,DORCHESTER HOTEL,528157.0,180422.0,320.0,0.0,,,,,,,,
2.0,2.0,38.0,29629,54792.0,490000144W,MARBLE ARCH,527897.0,180794.0,343.0,0.0,,,,,,,,
2.0,2.0,39.0,450,53720.0,490011133M,PORTMAN STREET / SELFRIDGES,528036.0,181079.0,343.0,0.0,,,,,,,,
2.0,2.0,40.0,29796,76160.0,490015317N,GEORGE STREET,527943.0,181361.0,343.0,0.0,,,,,,,,
2.0,2.0,41.0,29797,54941.0,490009990N,DORSET STREET,527877.0,181575.0,343.0,0.0,,,,,,,,
2.0,2.0,42.0,29799,59187.0,490009711Q,MARYLEBONE ROAD,527799.0,181827.0,342.0,0.0,,,,,,,,
2.0,2.0,43.0,BP4401,50723.0,490006135B,DORSET SQUARE / BAKER STREET STATION <>,527755.0,181964.0,342.0,0.0,,,,,,,,
2.0,2.0,44.0,BP1402,53580.0,490000145LA,MARYLEBONE STATION<>,527566.0,181968.0,252.0,0.0,,,,,,,,
3.0,1.0,1.0,33062,58071.0,490000173RF,OXFORD CIRCUS STN <> / MARGARET STREET,529009.0,181312.0,152.0,0.0,,,,,,,,
3.0,1.0,2.0,16574,57464.0,490004810RJ,CONDUIT STREET / HAMLEYS TOY STORE,529178.0,180908.0,150.0,0.0,,,,,,,,
3.0,1.0,3.0,150,73476.0,490000179F,PICCADILLY CIRCUS,529401.0,180648.0,102.0,0.0,,,,,,,,
3.0,1.0,4.0,157,51262.0,490007960P,HAYMARKET,529725.0,180557.0,148.0,0.0,,,,,,,,
3.0,1.0,5.0,BP3508,57653.0,490013767A,TRAFALGAR SQ / CHARING CROSS STN <> #,529888.0,180409.0,98.0,0.0,,,,,,,,
3.0,1.0,6.0,17681,55680.0,490014585M,WHITEHALL / TRAFALGAR SQUARE,530077.0,180279.0,161.0,0.0,,,,,,,,
3.0,1.0,7.0,14756,57357.0,490019475P,WHITEHALL / TRAFALGAR SQUARE,530128.0,180148.0,164.0,0.0,,,,,,,,
3.0,1.0,8.0,R0470,52166.0,490008376S,HORSE GUARDS PARADE,530156.0,180041.0,171.0,0.0,,,,,,,,
3.0,1.0,9.0,BP5568,51155.0,490015048T,WESTMINSTER STN <> / PARLIAMENT SQUARE,530168.0,179836.0,179.0,0.0,,,,,,,,
3.0,1.0,10.0,BP246,58284.0,490003059E,ABINGDON STREET,530209.0,179293.0,177.0,0.0,,,,,,,,
3.0,1.0,11.0,1630,76526.0,490006007S1,HORSEFERRY ROAD,530243.0,179063.0,170.0,0.0,,,,,,,,
3.0,1.0,12.0,8295,51511.0,4.90E+10,LAMBETH PALACE,530635.0,178988.0,61.0,0.0,,,,,,,,
3.0,1.0,13.0,8296,54076.0,490011169E,PRATT WALK,530827.0,179051.0,68.0,0.0,,,,,,,,
3.0,1.0,14.0,7563,57316.0,490008647E,LAMBETH ROAD / KENNINGTON ROAD,531108.0,179168.0,67.0,0.0,,,,,,,,
3.0,1.0,15.0,2382,54476.0,490008473S,KENNINGTON ROAD / IMPERIAL WAR MUSEUM,531247.0,179003.0,177.0,0.0,,,,,,,,
3.0,1.0,16.0,26765,50079.0,490006864S1,FITZALAN STREET,531245.0,178701.0,182.0,0.0,,,,,,,,
3.0,1.0,17.0,386,57752.0,490008643KE,KENNINGTON LANE,531239.0,178440.0,181.0,0.0,,,,,,,,
3.0,1.0,18.0,26763,50861.0,490014773KQ,WINDMILL ROW,531235.0,178205.0,181.0,0.0,,,,,,,,
3.0,1.0,19.0,4736,47779.0,490008645X,KENNINGTON PARK POST OFFICE,531300.0,177914.0,138.0,0.0,,,,,,,,
3.0,1.0,20.0,26409,58583.0,490008642K,KENNINGTON CHURCH,531259.0,177384.0,200.0,0.0,,,,,,,,
3.0,1.0,21.0,452,52437.0,490014013S,VASSALL ROAD,531186.0,176922.0,183.0,0.0,,,,,,,,
3.0,1.0,22.0,2392,52606.0,490007587S,GROVEWAY,531176.0,176633.0,181.0,0.0,,,,,,,,
3.0,1.0,23.0,4727,76061.0,490009373S1,LOUGHBOROUGH ROAD,531203.0,176221.0,177.0,0.0,,,,,,,,
3.0,1.0,24.0,2394,47190.0,490014085S,VILLA ROAD,531190.0,175970.0,191.0,0.0,,,,,,,,
3.0,1.0,25.0,237,72181.0,490007523F,BRIXTON ROAD / BRIXTON POLICE STATION,531131.0,175751.0,195.0,0.0,,,,,,,,
3.0,1.0,26.0,35200,75126.0,490000031N,BRIXTON STATION <> #,531042.0,175396.0,189.0,0.0,,,,,,,,
3.0,1.0,27.0,BP5558,51446.0,4900019343S,ST MATTHEW'S CHURCH,531015.0,175168.0,167.0,0.0,,,,,,,,
3.0,1.0,30.0,R0519,57594.0,490005933S,DALBERG ROAD / EFFRA PARADE,531348.0,174689.0,160.0,0.0,,,,,,,,
3.0,1.0,31.0,13249,47369.0,490009933W,MILTON ROAD,531580.0,174491.0,119.0,0.0,,,,,,,,
3.0,1.0,32.0,13251,71632.0,490004402P,BROCKWELL LIDO,531740.0,174408.0,117.0,0.0,,,,,,,,
3.0,1.0,33.0,436,55607.0,490001149N,HERNE HILL STATION#,531947.0,174319.0,105.0,0.0,,,,,,,,
3.0,1.0,34.0,26304,58362.0,490004403G,BROCKWELL PARK,532059.0,174203.0,151.0,0.0,,,,,,,,
3.0,1.0,35.0,13278,73420.0,490007592S,GUERNSEY GROVE,532171.0,174007.0,163.0,0.0,,,,,,,,
3.0,1.0,36.0,13280,48527.0,490013847S,TURNEY ROAD,532444.0,173633.0,152.0,0.0,,,,,,,,
3.0,1.0,37.0,13284,57722.0,490011293S,PYMERS MEAD,532519.0,173350.0,161.0,0.0,,,,,,,,
3.0,1.0,38.0,1434,50852.0,490013657S,CROXTED ROAD / THURLOW PARK ROAD,532625.0,173135.0,159.0,0.0,,,,,,,,
3.0,1.0,39.0,13364,53191.0,490009183S,LINGS COPPICE,532756.0,172756.0,154.0,0.0,,,,,,,,
3.0,1.0,40.0,13365,51046.0,490008459S,ILDERSLY GROVE,532815.0,172576.0,165.0,0.0,,,,,,,,
3.0,1.0,41.0,13368,55094.0,490010774S,PARK HALL ROAD,532867.0,172326.0,169.0,0.0,,,,,,,,
3.0,1.0,42.0,13370,77425.0,490005246S,CHURCH APPROACH,532913.0,172098.0,169.0,0.0,,,,,,,,
3.0,1.0,43.0,13372,73221.0,490003233S,SOUTH CROXTED ROAD,532961.0,171886.0,164.0,0.0,,,,,,,,
3.0,1.0,44.0,13373,51460.0,490016646S,GIPSY HILL,533125.0,171708.0,110.0,0.0,,,,,,,,
3.0,1.0,45.0,13377,50939.0,490008839SE,DULWICH WOOD PARK / KINGSWOOD DRIVE,533465.0,171525.0,128.0,0.0,,,,,,,,
3.0,1.0,46.0,2619,72242.0,490015289E,DULWICH WOOD PARK / COLLEGE ROAD,533771.0,171531.0,82.0,0.0,,,,,,,,
3.0,1.0,47.0,13379,57755.0,490005494S2,CRYSTAL PALACE PARADE / COLLEGE ROAD,533839.0,171140.0,201.0,0.0,,,,,,,,
3.0,1.0,48.0,BP3075,71306.0,490005869S3,CRYSTAL PALACE,533760.0,170916.0,200.0,0.0,,,,,,,,
3.0,2.0,1.0,BP2418,55404.0,490005869D,CRYSTAL PALACE BUS STATION,533737.0,170798.0,255.0,0.0,,,,,,,,
3.0,2.0,2.0,BP2417,53937.0,490005869B,CRYSTAL PALACE PARADE,533757.0,170950.0,20.0,0.0,,,,,,,,
3.0,2.0,3.0,13378,71622.0,490005494N,CRYSTAL PALACE PARADE / COLLEGE ROAD,533830.0,171148.0,21.0,0.0,,,,,,,,
3.0,2.0,4.0,2618,50917.0,490015289W,DULWICH WOOD PARK / COLLEGE ROAD,533655.0,171435.0,243.0,0.0,,,,,,,,
3.0,2.0,5.0,R0515,71021.0,490008839W,DULWICH WOOD PARK / KINGSWOOD DRIVE,533410.0,171555.0,309.0,0.0,,,,,,,,
3.0,2.0,6.0,13374,56076.0,490007190W,GIPSY HILL,533188.0,171611.0,270.0,0.0,,,,,,,,
3.0,2.0,7.0,13371,76917.0,490003233N,ALLEYN ROAD,532963.0,171845.0,342.0,0.0,,,,,,,,
3.0,2.0,8.0,13369,47855.0,490005246N,CHURCH APPROACH,532930.0,171974.0,347.0,0.0,,,,,,,,
3.0,2.0,9.0,13367,58765.0,490012270N,SOUTH CROXTED ROAD,532869.0,172265.0,349.0,0.0,,,,,,,,
3.0,2.0,10.0,13366,53319.0,490010774N,PARK HALL ROAD,532826.0,172477.0,350.0,0.0,,,,,,,,
3.0,2.0,11.0,13363,57891.0,490009183N,LINGS COPPICE,532709.0,172821.0,336.0,0.0,,,,,,,,
3.0,2.0,12.0,1433,77833.0,490013657N,CROXTED ROAD / THURLOW PARK ROAD,532649.0,173025.0,342.0,0.0,,,,,,,,
3.0,2.0,13.0,13283,53678.0,490011293N,PYMERS MEAD,532516.0,173329.0,341.0,0.0,,,,,,,,
3.0,2.0,14.0,13279,55275.0,490013847N,TURNEY ROAD,532377.0,173717.0,317.0,0.0,,,,,,,,
3.0,2.0,15.0,13277,54518.0,490005850N,CROXTED CLOSE,532267.0,173843.0,317.0,0.0,,,,,,,,
3.0,2.0,16.0,13275,77185.0,490010451J,NORWOOD ROAD,532093.0,174076.0,276.0,0.0,,,,,,,,
3.0,2.0,17.0,BP5534,77049.0,490004403N,BROCKWELL PARK,532033.0,174216.0,329.0,0.0,,,,,,,,
3.0,2.0,18.0,26405,57830.0,490001149M,HERNE HILL STATION #,531879.0,174330.0,294.0,0.0,,,,,,,,
3.0,2.0,19.0,13250,73171.0,490004402W,BROCKWELL LIDO,531641.0,174446.0,295.0,0.0,,,,,,,,
3.0,2.0,20.0,3038,50793.0,490005054N,CHAUCER ROAD / EFFRA PARADE,531395.0,174614.0,313.0,0.0,,,,,,,,
3.0,2.0,21.0,26342,47835.0,490015275W,BRIXTON WATER LANE,531230.0,174604.0,256.0,0.0,,,,,,,,
3.0,2.0,24.0,24458,53708.0,490008919X,LAMBETH TOWN HALL,530936.0,175119.0,18.0,0.0,,,,,,,,
3.0,2.0,25.0,14622,75873.0,490000031R,BRIXTON STATION <> #,531023.0,175400.0,13.0,0.0,,,,,,,,
3.0,2.0,26.0,236,49468.0,490007523D,BRIXTON ROAD / BRIXTON POLICE STATION,531114.0,175758.0,15.0,0.0,,,,,,,,
3.0,2.0,27.0,2393,52215.0,490014085N,VILLA ROAD,531176.0,175961.0,11.0,0.0,,,,,,,,
3.0,2.0,28.0,4726,72478.0,490009373N1,LOUGHBOROUGH ROAD,531191.0,176202.0,357.0,0.0,,,,,,,,
3.0,2.0,29.0,2391,77324.0,490007587N,GROVEWAY,531163.0,176547.0,358.0,0.0,,,,,,,,
3.0,2.0,30.0,BP2394,52408.0,490008248N,HILLYARD STREET,531166.0,176772.0,2.0,0.0,,,,,,,,
3.0,2.0,31.0,451,72275.0,490014013N,VASSALL ROAD,531181.0,177061.0,3.0,0.0,,,,,,,,
3.0,2.0,32.0,517,50338.0,490008642H,KENNINGTON CHURCH,531265.0,177442.0,18.0,0.0,,,,,,,,
3.0,2.0,33.0,26761,53200.0,490008645U,KENNINGTON PARK POST OFFICE,531266.0,177926.0,320.0,0.0,,,,,,,,
3.0,2.0,34.0,384,71769.0,490014773KP,WINDMILL ROW,531220.0,178219.0,2.0,0.0,,,,,,,,
3.0,2.0,35.0,2650,51061.0,490008643KH,KENNINGTON LANE,531225.0,178466.0,1.0,0.0,,,,,,,,
3.0,2.0,36.0,26764,71459.0,490006864N1,FITZALAN STREET,531230.0,178787.0,1.0,0.0,,,,,,,,
3.0,2.0,37.0,26766,77394.0,490008473F,KENNINGTON ROAD / IMPERIAL WAR MUSEUM,531203.0,179138.0,340.0,0.0,,,,,,,,
3.0,2.0,38.0,8297,71809.0,490011169W,PRATT WALK,530840.0,179039.0,248.0,0.0,,,,,,,,
3.0,2.0,39.0,8294,47033.0,490008917W,LAMBETH PALACE,530610.0,178950.0,232.0,0.0,,,,,,,,
3.0,2.0,40.0,1629,52933.0,490006007N,HORSEFERRY ROAD,530226.0,179085.0,350.0,0.0,,,,,,,,
3.0,2.0,41.0,BP245,74818.0,490003059D,ABINGDON STREET,530192.0,179324.0,355.0,0.0,,,,,,,,
3.0,2.0,42.0,996,50906.0,490015048A,PARLIAMENT SQUARE,530145.0,179785.0,3.0,0.0,,,,,,,,
3.0,2.0,43.0,7867,49892.0,490008376N,HORSE GUARDS PARADE,530135.0,180010.0,350.0,0.0,,,,,,,,
3.0,2.0,44.0,BP3503,53991.0,490013767T,TRAFALGAR SQUARE,529887.0,180390.0,278.0,0.0,,,,,,,,
3.0,2.0,45.0,154,76425.0,490011516Y,REGENT STREET / JERMYN STREET,529583.0,180532.0,341.0,0.0,,,,,,,,
3.0,2.0,46.0,155,57016.0,490000179C,PICCADILLY CIRCUS,529458.0,180636.0,253.0,0.0,,,,,,,,
3.0,2.0,47.0,370,50997.0,490005537RA,CONDUIT STREET / HAMLEYS TOY STORE,529195.0,180845.0,340.0,0.0,,,,,,,,
3.0,2.0,48.0,34848,72245.0,490000173AP,OXFORD CIRCUS,528871.0,181141.0,342.0,0.0,,,,,,,,
4.0,1.0,1.0,526,58764.0,490000008U,ARCHWAY STATION <> / JUNCTION ROAD,529369.0,186765.0,18.0,0.0,,,,,,,,
4.0,1.0,2.0,34518,77151.0,490014625J,WHITTINGTON HOSPITAL,529173.0,186896.0,218.0,0.0,,,,,,,,
4.0,1.0,3.0,34517,75557.0,490011872W,DARTMOUTH PARK HILL,528972.0,186808.0,248.0,0.0,,,,,,,,
4.0,1.0,4.0,34965,54768.0,490015267S,CHESTER ROAD,528987.0,186534.0,171.0,0.0,,,,,,,,
4.0,1.0,5.0,34964,73419.0,490005973S,DARTMOUTH PARK ROAD,528961.0,186297.0,177.0,0.0,,,,,,,,
4.0,1.0,6.0,34959,48666.0,490008592D,JUNCTION ROAD,529124.0,185924.0,155.0,0.0,,,,,,,,
4.0,1.0,7.0,36804,54121.0,490000239B,TUFNELL PARK STATION <>,529247.0,185881.0,81.0,0.0,,,,,,,,
4.0,1.0,8.0,34339,55205.0,490004727E,CAMPDALE ROAD,529527.0,185927.0,80.0,0.0,,,,,,,,
4.0,1.0,9.0,34337,56094.0,490005939E,DALMENY ROAD,529788.0,185971.0,81.0,0.0,,,,,,,,
4.0,1.0,10.0,34336,59414.0,490004788E,CARLETON ROAD,530019.0,186009.0,81.0,0.0,,,,,,,,
4.0,1.0,11.0,34334,75314.0,490016647E,HOLLOWAY ROAD,530342.0,186057.0,83.0,0.0,,,,,,,,
4.0,1.0,12.0,R0055,54657.0,490008296G,SEVEN SISTERS ROAD / PARKHURST ROAD,530437.0,186044.0,134.0,0.0,,,,,,,,
4.0,1.0,13.0,315,77297.0,490008296H,SEVEN SISTERS ROAD / NAGS HEAD,530543.0,186087.0,48.0,0.0,,,,,,,,
4.0,1.0,14.0,1291,73658.0,490008367J,HORNSEY ROAD,530701.0,186229.0,47.0,0.0,,,,,,,,
4.0,1.0,15.0,1293,74153.0,490006272E,DURHAM ROAD,531042.0,186491.0,59.0,0.0,,,,,,,,
4.0,1.0,16.0,34055,73322.0,490000083X,FONTHILL ROAD,531211.0,186597.0,58.0,0.0,,,,,,,,
4.0,1.0,17.0,BP4242,50880.0,490000083R,FINSBURY PARK STATION <> #,531335.0,186685.0,51.0,0.0,,,,,,,,
4.0,1.0,18.0,R0003,74819.0,490000083G,FINSBURY PARK INTERCHANGE <> #,531392.0,186824.0,34.0,0.0,,,,,,,,
4.0,1.0,19.0,379,57814.0,490006847N,BLACKSTOCK RD / CITY & ISLINGTON COLLEGE,531569.0,186720.0,136.0,0.0,,,,,,,,
4.0,1.0,20.0,15059,50415.0,490007178X,GILLESPIE ROAD,531905.0,186343.0,179.0,0.0,,,,,,,,
4.0,1.0,21.0,15061,76292.0,490011601Y,RIVERSDALE ROAD,531913.0,186112.0,174.0,0.0,,,,,,,,
4.0,1.0,22.0,1552,48346.0,490013294S,HIGHBURY GRANGE,531954.0,185732.0,178.0,0.0,,,,,,,,
4.0,1.0,23.0,15063,49525.0,490008616S,HIGHBURY BARN / LONDON METROPOLITAN UNI,531944.0,185488.0,174.0,0.0,,,,,,,,
4.0,1.0,24.0,15065,49563.0,490003053S,HIGHBURY GROVE SCHOOL / ABERDEEN PARK,531964.0,185258.0,175.0,0.0,,,,,,,,
4.0,1.0,25.0,9242,73463.0,490008146W,ST PAUL'S ROAD / HIGHBURY GROVE,531891.0,184777.0,249.0,0.0,,,,,,,,
4.0,1.0,26.0,11470,47466.0,490008143D,HIGHBURY CORNER,531740.0,184732.0,263.0,0.0,,,,,,,,
4.0,1.0,27.0,80001,56564.0,490000108G,UPPER STREET / LAYCOCK STREET,531628.0,184524.0,175.0,0.0,,,,,,,,
4.0,1.0,28.0,33092,76733.0,490008517S,ISLINGTON TOWN HALL,531653.0,184294.0,173.0,0.0,,,,,,,,
4.0,1.0,29.0,29748,71024.0,490008514S1,ST MARY'S CHURCH,531710.0,183865.0,196.0,0.0,,,,,,,,
4.0,1.0,30.0,9995,54639.0,490008515B,ISLINGTON GREEN,531627.0,183614.0,195.0,0.0,,,,,,,,
4.0,1.0,31.0,36601,71360.0,490000007G,ANGEL STATION <>,531490.0,183306.0,200.0,0.0,,,,,,,,
4.0,1.0,32.0,363,59293.0,490003327H,ANGEL ISLINGTON / CITY ROAD,531559.0,183118.0,113.0,0.0,,,,,,,,
4.0,1.0,33.0,8385,58215.0,490006309S,GOSWELL ROAD / EARLSTOKE ESTATE,531779.0,182862.0,137.0,0.0,,,,,,,,
4.0,1.0,34.0,8387,73939.0,490015107S,SPENCER STREET,531842.0,182750.0,159.0,0.0,,,,,,,,
4.0,1.0,35.0,8389,47740.0,490009099S,PERCIVAL STREET,531880.0,182623.0,163.0,0.0,,,,,,,,
4.0,1.0,36.0,8391,75533.0,490010935S,PEARTREE STREET,531952.0,182378.0,164.0,0.0,,,,,,,,
4.0,1.0,37.0,8392,57859.0,490015105S,CLERKENWELL ROAD,531989.0,182250.0,151.0,0.0,,,,,,,,
4.0,1.0,38.0,8394,73280.0,490003573S,BALTIC STREET,532091.0,182096.0,162.0,0.0,,,,,,,,
4.0,1.0,39.0,2286,73081.0,490000014B,BARBICAN STATION <>,532101.0,181936.0,180.0,0.0,,,,,,,,
4.0,1.0,40.0,8548,77491.0,490010130S,MUSEUM OF LONDON,532143.0,181648.0,171.0,0.0,,,,,,,,
4.0,1.0,41.0,8600,52729.0,490000225W,ST PAUL'S STATION <>,532134.0,181312.0,175.0,0.0,,,,,,,,
4.0,1.0,42.0,33385,47995.0,490010199E,NEW CHANGE / CANNON STREET,532200.0,181116.0,175.0,0.0,,,,,,,,
4.0,1.0,43.0,1152,73195.0,490010200C,ST PAUL'S CHURCHYARD,532151.0,181046.0,285.0,0.0,,,,,,,,
4.0,1.0,44.0,8602,49762.0,490012873B,ST PAUL'S CATHEDRAL,531964.0,181089.0,291.0,0.0,,,,,,,,
4.0,1.0,45.0,8581,51004.0,490009443F,CITY THAMESLINK STN # / LUDGATE CIRCUS,531695.0,181165.0,273.0,0.0,,,,,,,,
4.0,1.0,46.0,202,77565.0,490012105HB,SHOE LANE,531473.0,181168.0,273.0,0.0,,,,,,,,
4.0,1.0,47.0,8570,52782.0,490006826W,FETTER LANE,531356.0,181164.0,265.0,0.0,,,,,,,,
4.0,1.0,48.0,3178,77866.0,490015067W,CHANCERY LANE,531214.0,181130.0,252.0,0.0,,,,,,,,
4.0,1.0,49.0,20462,76629.0,490011757P,THE ROYAL COURTS OF JUSTICE,531003.0,181024.0,228.0,0.0,,,,,,,,
4.0,2.0,1.0,25895,76187.0,490000254F,WATERLOO STATION<># / WATERLOO ROAD,531153.0,179991.0,321.0,0.0,,,,,,,,
4.0,2.0,4.0,14628,51475.0,490003191D,ALDWYCH,530625.0,180948.0,22.0,0.0,,,,,,,,
4.0,2.0,5.0,20438,57361.0,490011757L,THE ROYAL COURTS OF JUSTICE,530928.0,181048.0,72.0,0.0,,,,,,,,
4.0,2.0,6.0,3177,73152.0,490006826E,FETTER LANE,531331.0,181176.0,82.0,0.0,,,,,,,,
4.0,2.0,7.0,969,47546.0,490012105HA,LUDGATE CIRCUS,531570.0,181182.0,87.0,0.0,,,,,,,,
4.0,2.0,8.0,14501,56735.0,490009443G,LUDGATE HILL / OLD BAILEY,531808.0,181155.0,102.0,0.0,,,,,,,,
4.0,2.0,9.0,8601,53477.0,490012873A,ST PAUL'S CATHEDRAL,532106.0,181078.0,111.0,0.0,,,,,,,,
4.0,2.0,10.0,33780,53973.0,490010199D,NEW CHANGE / CANNON STREET,532177.0,181150.0,333.0,0.0,,,,,,,,
4.0,2.0,11.0,35432,76584.0,490000225U,ST PAUL'S STATION <>,532073.0,181293.0,292.0,0.0,,,,,,,,
4.0,2.0,12.0,BP5594,48024.0,49008743N1,LITTLE BRITAIN,532062.0,181569.0,49.0,0.0,,,,,,,,
4.0,2.0,13.0,8547,54237.0,490010130N,MUSEUM OF LONDON,532117.0,181702.0,351.0,0.0,,,,,,,,
4.0,2.0,14.0,2287,57079.0,490000014A,BARBICAN STATION <> #,532088.0,181886.0,351.0,0.0,,,,,,,,
4.0,2.0,15.0,8393,57965.0,490003573N,CLERKENWELL ROAD / OLD STREET,532049.0,182151.0,327.0,0.0,,,,,,,,
4.0,2.0,16.0,8390,48964.0,490015105N,GOSWELL ROAD / GREAT SUTTON STREET,531964.0,182285.0,345.0,0.0,,,,,,,,
4.0,2.0,17.0,8388,76991.0,490010935N,PERCIVAL STREET,531903.0,182506.0,343.0,0.0,,,,,,,,
4.0,2.0,18.0,8386,48691.0,490015107N,SPENCER STREET,531834.0,182724.0,340.0,0.0,,,,,,,,
4.0,2.0,19.0,37646,57666.0,490003327K,ANGEL ISLINGTON,531598.0,183029.0,315.0,0.0,,,,,,,,
4.0,2.0,20.0,25146,71007.0,490000007Y,ANGEL STATION <>,531510.0,183405.0,32.0,0.0,,,,,,,,
4.0,2.0,21.0,9996,71076.0,490013261Z,THEBERTON STREET,531640.0,183715.0,22.0,0.0,,,,,,,,
4.0,2.0,22.0,29792,53813.0,490008514N2,ST MARYS CHURCH,531696.0,183949.0,351.0,0.0,,,,,,,,
4.0,2.0,23.0,26500,50489.0,490008517N1,ISLINGTON TOWN HALL,531645.0,184263.0,351.0,0.0,,,,,,,,
4.0,2.0,25.0,11469,48600.0,490008143C,ST PAUL'S ROAD / HIGHBURY CORNER,531784.0,184753.0,73.0,0.0,,,,,,,,
4.0,2.0,26.0,15067,53209.0,490015544N,HIGHBURY GROVE SCHOOL / BAALBEC ROAD,531966.0,185046.0,6.0,0.0,,,,,,,,
4.0,2.0,27.0,15066,52564.0,490003053N,ABERDEEN PARK,531956.0,185233.0,353.0,0.0,,,,,,,,
4.0,2.0,28.0,15064,50696.0,490008616N,HIGHBURY GRANGE/ LONDON METROPOLITAN UNI,531945.0,185634.0,13.0,0.0,,,,,,,,
4.0,2.0,29.0,BP3222,50687.0,490015699N,JOAN OF ARC SCHOOL,531945.0,185904.0,3.0,0.0,,,,,,,,
4.0,2.0,30.0,15062,55743.0,490011601Z,RIVERSDALE ROAD,531908.0,186060.0,352.0,0.0,,,,,,,,
4.0,2.0,31.0,15060,73089.0,490009986V,MONSELL ROAD,531801.0,186476.0,317.0,0.0,,,,,,,,
4.0,2.0,32.0,20583,54538.0,490011623P,ROCK STREET,531477.0,186703.0,234.0,0.0,,,,,,,,
4.0,2.0,33.0,BP3912,57804.0,490000083S,FINSBURY PARK STATION <> #,531359.0,186690.0,232.0,0.0,,,,,,,,
4.0,2.0,34.0,3513,55628.0,490006889W,ISLEDON ROAD,531257.0,186509.0,198.0,0.0,,,,,,,,
4.0,2.0,35.0,33320,52436.0,490003929S,BERRIMAN ROAD,531086.0,186222.0,231.0,0.0,,,,,,,,
4.0,2.0,36.0,33321,71180.0,490008368S,HORNSEY ROAD / SOBELL CENTRE,530990.0,186035.0,241.0,0.0,,,,,,,,
4.0,2.0,37.0,36800,55998.0,490008296N,HOLLOWAY ROAD / CAMDEN ROAD,530758.0,185901.0,239.0,0.0,,,,,,,,
4.0,2.0,38.0,314,56476.0,490008296L,HOLLOWAY NAGS HEAD,530578.0,185863.0,316.0,0.0,,,,,,,,
4.0,2.0,39.0,34333,72121.0,490013837D,TUFNELL PARK ROAD / ODEON CINEMA,530301.0,186041.0,262.0,0.0,,,,,,,,
4.0,2.0,40.0,34335,75735.0,490004788W,CARLETON ROAD,529952.0,185989.0,261.0,0.0,,,,,,,,
4.0,2.0,41.0,34338,71830.0,490005939W,DALMENY ROAD,529650.0,185939.0,261.0,0.0,,,,,,,,
4.0,2.0,42.0,34340,55213.0,490000239A,TUFNELL PARK STATION <>,529227.0,185867.0,261.0,0.0,,,,,,,,
4.0,2.0,43.0,34962,53651.0,490008592E,DARTMOUTH PARK HILL,529106.0,185939.0,335.0,0.0,,,,,,,,
4.0,2.0,44.0,BP3386,55199.0,490016618N,SPENCER RISE,529027.0,186107.0,335.0,0.0,,,,,,,,
4.0,2.0,45.0,BP185,77096.0,490005975E,DARTMOUTH PARK ROAD,528953.0,186326.0,3.0,0.0,,,,,,,,
4.0,2.0,46.0,34960,76751.0,4.90E+09,CHESTER ROAD,528963.0,186594.0,352.0,0.0,,,,,,,,
4.0,2.0,47.0,34516,49442.0,490011872E,MAGDALA AVENUE,529004.0,186828.0,71.0,0.0,,,,,,,,
4.0,2.0,48.0,34519,51379.0,490014625E,WHITTINGTON HOSPITAL,529185.0,186927.0,33.0,0.0,,,,,,,,
4.0,2.0,49.0,34429,57816.0,490000008C,ARCHWAY STATION <>,529269.0,186930.0,121.0,0.0,,,,,,,,
4.0,2.0,50.0,26434,54953.0,490009499S,ARCHWAY STATION <> / MACDONALD ROAD,529287.0,186865.0,216.0,0.0,,,,,,,,
5.0,1.0,1.0,34092,48610.0,490011659E,ROMFORD MARKET,551294.0,189123.0,99.0,0.0,,,,,,,,
5.0,1.0,2.0,BP4873,53088.0,490009810K,MERCURY GARDENS,551506.0,188956.0,148.0,0.0,,,,,,,,
5.0,1.0,3.0,R0656,47874.0,490014452Q,WESTERN ROAD,551440.0,188734.0,233.0,0.0,,,,,,,,
5.0,1.0,4.0,R0680,76504.0,490001243T,ROMFORD STATION #,551433.0,188433.0,169.0,0.0,,,,,,,,
5.0,1.0,5.0,18028,51831.0,490013654S,THURLOE GARDENS,551506.0,188100.0,129.0,0.0,,,,,,,,
5.0,1.0,6.0,R0500,75538.0,490013483S,BRENTWOOD ROAD,551652.0,187898.0,170.0,0.0,,,,,,,,
5.0,1.0,7.0,37088,51543.0,490005450S,CLYDESDALE ROAD,551655.0,187648.0,175.0,0.0,,,,,,,,
5.0,1.0,8.0,18351,50256.0,490010443W,NORWOOD AVENUE,551325.0,187452.0,270.0,0.0,,,,,,,,
5.0,1.0,9.0,9007,76897.0,490005927W,DAGENHAM ROAD,550853.0,187405.0,261.0,0.0,,,,,,,,
5.0,1.0,10.0,18349,51795.0,490009090W,LEONARD AVENUE,550485.0,187319.0,248.0,0.0,,,,,,,,
5.0,1.0,11.0,18347,54592.0,490005381W,CLAYTON ROAD,550207.0,187204.0,248.0,0.0,,,,,,,,
5.0,1.0,12.0,19265,52001.0,490003660W,BARTON AVENUE,549976.0,187140.0,255.0,0.0,,,,,,,,
5.0,1.0,13.0,9823,49103.0,490005923P,CIVIC CENTRE / WOOD LANE,549534.0,186976.0,242.0,0.0,,,,,,,,
5.0,1.0,14.0,BP5546,75730.0,490003764W,BECONTREE HEATH BUS STATION,549252.0,186869.0,298.0,0.0,,,,,,,,
5.0,1.0,15.0,1830,57270.0,490003762E,WOOD LANE / MORRISONS,548988.0,186667.0,189.0,0.0,,,,,,,,
5.0,1.0,16.0,LE223,72825.0,490006867W,FIVE ELMS SCHOOL,548751.0,186184.0,218.0,0.0,,,,,,,,
5.0,1.0,17.0,15519,51039.0,490006865W,BOXOLL ROAD,548515.0,186056.0,250.0,0.0,,,,,,,,
5.0,1.0,18.0,15517,47020.0,490003965W,BEVERLEY ROAD,548210.0,185900.0,248.0,0.0,,,,,,,,
5.0,1.0,19.0,20988,57573.0,490009704D,MARTINS CORNER / VALENCE AVENUE,547738.0,185789.0,263.0,0.0,,,,,,,,
5.0,1.0,20.0,15515,58969.0,490003535W,BENNETTS CASTLE LANE,547279.0,185716.0,265.0,0.0,,,,,,,,
5.0,1.0,21.0,15514,77635.0,490009182W,LINDSEY ROAD,547013.0,185709.0,280.0,0.0,,,,,,,,
5.0,1.0,22.0,34361,47692.0,490009247W,LODGE AVENUE,546550.0,185763.0,275.0,0.0,,,,,,,,
5.0,1.0,23.0,7770,57975.0,490007288S,GOODMAYES LANE,546159.0,185701.0,216.0,0.0,,,,,,,,
5.0,1.0,24.0,15510,53794.0,490011903W,SANDHURST DRIVE,545986.0,185519.0,239.0,0.0,,,,,,,,
5.0,1.0,25.0,15508,73050.0,490013653W,THURLESTONE AVENUE,545681.0,185355.0,233.0,0.0,,,,,,,,
5.0,1.0,26.0,26367,59400.0,490003605W,BARKING BUS GARAGE / FAIRCROSS,545409.0,185149.0,237.0,0.0,,,,,,,,
5.0,1.0,27.0,1217,57277.0,490006700W,UPNEY LANE,545198.0,185007.0,236.0,0.0,,,,,,,,
5.0,1.0,28.0,15505,71872.0,490008419W,HULSE AVENUE / BARKING PARK,544870.0,184769.0,235.0,0.0,,,,,,,,
5.0,1.0,29.0,9646,55664.0,490006734W,FANSHAWE AVENUE,544667.0,184579.0,225.0,0.0,,,,,,,,
5.0,1.0,30.0,BP097,72012.0,490000015N,BARKING STATION <> #,544441.0,184310.0,216.0,0.0,,,,,,,,
5.0,1.0,31.0,LE142,56790.0,490003616C,BARKING TOWN CENTRE,544238.0,184175.0,255.0,0.0,,,,,,,,
5.0,1.0,32.0,LE138,53879.0,490010408F,NORTH STREET,544037.0,184120.0,265.0,0.0,,,,,,,,
5.0,1.0,33.0,1904,73851.0,490003615S,BARKING TESCO,543702.0,184030.0,229.0,0.0,,,,,,,,
5.0,1.0,34.0,1902,54091.0,490004592W,BURGES ROAD,543437.0,183821.0,228.0,0.0,,,,,,,,
5.0,1.0,35.0,1900,77652.0,490012843W,ST OLAVE'S ROAD,543313.0,183699.0,231.0,0.0,,,,,,,,
5.0,1.0,36.0,1896,74104.0,490003280W,ALTMORE AVENUE,542922.0,183641.0,260.0,0.0,,,,,,,,
5.0,1.0,37.0,696,71435.0,490010218W,NEWHAM TOWN HALL,542720.0,183597.0,257.0,0.0,,,,,,,,
5.0,1.0,38.0,1894,77795.0,490003659Q,BARTLE AVENUE,542373.0,183499.0,251.0,0.0,,,,,,,,
5.0,1.0,39.0,1892,56905.0,490003126W,AINTREE AVENUE,542198.0,183445.0,253.0,0.0,,,,,,,,
5.0,1.0,40.0,1890,77099.0,490006078W,DICKENS ROAD,541853.0,183336.0,254.0,0.0,,,,,,,,
5.0,1.0,41.0,1888,59182.0,490013959W,UPTON PARK / PRIORY ROAD,541689.0,183287.0,253.0,0.0,,,,,,,,
5.0,1.0,42.0,28111,73121.0,490013958P,UPTON PARK GREEN STREET,541521.0,183236.0,253.0,0.0,,,,,,,,
5.0,1.0,43.0,1884,73209.0,490010201W,NEW CITY ROAD,541161.0,183036.0,223.0,0.0,,,,,,,,
5.0,1.0,44.0,747,53154.0,490011040W,PLAISTOW / GREEN GATE,540836.0,182686.0,225.0,0.0,,,,,,,,
5.0,1.0,45.0,1882,48719.0,490011047W,PLAISTOW POLICE STATION,540654.0,182504.0,225.0,0.0,,,,,,,,
5.0,1.0,46.0,4891,76929.0,490003551W,BALAAM STREET,540473.0,182345.0,244.0,0.0,,,,,,,,
5.0,1.0,47.0,BP3756,73471.0,490016265W,CHARGEABLE LANE,540301.0,182218.0,229.0,0.0,,,,,,,,
5.0,1.0,48.0,1878,73947.0,490005860W,CROYDON ROAD,540142.0,182090.0,232.0,0.0,,,,,,,,
5.0,1.0,49.0,BP665,57910.0,490005902W,ROKEBY SCHOOL,539919.0,181921.0,233.0,0.0,,,,,,,,
5.0,1.0,50.0,20773,49899.0,490003750M,HERMIT ROAD,539735.0,181780.0,234.0,0.0,,,,,,,,
5.0,1.0,51.0,8153,73168.0,490011429N,RATHBONE MARKET,539541.0,181636.0,234.0,0.0,,,,,,,,
5.0,1.0,52.0,BP2284,57377.0,490000039A,CANNING TOWN STATION <> # [DLR],539438.0,181428.0,147.0,0.0,,,,,,,,
5.0,2.0,1.0,BP2282,54901.0,490000039F,CANNING TOWN BUS STATION,539457.0,181425.0,329.0,0.0,,,,,,,,
5.0,2.0,2.0,8152,57968.0,490011429J,RATHBONE MARKET,539549.0,181661.0,54.0,0.0,,,,,,,,
5.0,2.0,3.0,R0297,48308.0,490003750L,HERMIT ROAD,539722.0,181791.0,54.0,0.0,,,,,,,,
5.0,2.0,4.0,1879,49414.0,490005902E,ROKEBY SCHOOL,539984.0,181987.0,53.0,0.0,,,,,,,,
5.0,2.0,5.0,1881,53982.0,490008834E,KING STREET,540187.0,182140.0,53.0,0.0,,,,,,,,
5.0,2.0,6.0,4892,56266.0,490003551E,BALAAM STREET,540368.0,182292.0,48.0,0.0,,,,,,,,
5.0,2.0,7.0,1883,50353.0,490011047E,PLAISTOW POLICE STATION,540575.0,182442.0,46.0,0.0,,,,,,,,
5.0,2.0,8.0,4893,76332.0,490011040E,PLAISTOW / GREEN GATE,540923.0,182792.0,40.0,0.0,,,,,,,,
5.0,2.0,9.0,1885,58956.0,490010201E,NEW CITY ROAD,541069.0,182956.0,44.0,0.0,,,,,,,,
5.0,2.0,10.0,BP3755,77613.0,490016264E,SAMSON STREET,541193.0,183088.0,43.0,0.0,,,,,,,,
5.0,2.0,11.0,1202,50111.0,490003273O,UPTON PARK / GREEN STREET,541355.0,183221.0,78.0,0.0,,,,,,,,
5.0,2.0,12.0,36928,54785.0,490013959E,UPTON PARK / PRIORY ROAD,541597.0,183274.0,73.0,0.0,,,,,,,,
5.0,2.0,13.0,1891,53679.0,490003390E,ARRAGON ROAD,541816.0,183339.0,73.0,0.0,,,,,,,,
5.0,2.0,14.0,1893,77046.0,490008601E,KATHERINE ROAD,542033.0,183406.0,72.0,0.0,,,,,,,,
5.0,2.0,15.0,1895,49299.0,490003659P,BARTLE AVENUE,542324.0,183497.0,72.0,0.0,,,,,,,,
5.0,2.0,16.0,20770,57723.0,490006360S,HIGH STREET NORTH,542519.0,183560.0,74.0,0.0,,,,,,,,
5.0,2.0,17.0,BP781,49570.0,490010218O,NEWHAM TOWN HALL,542664.0,183598.0,76.0,0.0,,,,,,,,
5.0,2.0,18.0,1897,53028.0,490003280X,ALTMORE AVENUE,542876.0,183645.0,78.0,0.0,,,,,,,,
5.0,2.0,19.0,16396,77700.0,490012843E,ST OLAVE'S ROAD,543233.0,183689.0,81.0,0.0,,,,,,,,
5.0,2.0,20.0,1903,76995.0,490004592E,BURGES ROAD,543503.0,183926.0,36.0,0.0,,,,,,,,
5.0,2.0,21.0,695,55317.0,490010408P,NORTH STREET,543997.0,184127.0,83.0,0.0,,,,,,,,
5.0,2.0,22.0,9540,48966.0,490003616E,BARKING TOWN CENTRE,544264.0,184195.0,81.0,0.0,,,,,,,,
5.0,2.0,23.0,29776,47665.0,490000015K,BARKING STATION <> #,544440.0,184343.0,36.0,0.0,,,,,,,,
5.0,2.0,24.0,15504,72439.0,490006734E,FANSHAWE AVENUE,544661.0,184592.0,43.0,0.0,,,,,,,,
5.0,2.0,25.0,15506,77619.0,490008419E,HULSE AVENUE / BARKING PARK,544903.0,184809.0,57.0,0.0,,,,,,,,
5.0,2.0,26.0,1216,49838.0,490006700E,UPNEY LANE,545205.0,185030.0,56.0,0.0,,,,,,,,
5.0,2.0,27.0,26368,71939.0,4.90E+09,BARKING BUS GARAGE / FAIRCROSS,545401.0,185160.0,57.0,0.0,,,,,,,,
5.0,2.0,28.0,15507,73588.0,490013653E,MEADWAY,545661.0,185358.0,53.0,0.0,,,,,,,,
5.0,2.0,29.0,15509,75025.0,490004768E,CAPEL GARDENS,545892.0,185495.0,66.0,0.0,,,,,,,,
5.0,2.0,30.0,7769,50382.0,490007288E,GOODMAYES LANE,546185.0,185762.0,32.0,0.0,,,,,,,,
5.0,2.0,31.0,29756,74112.0,490003760E,BECONTREE AVENUE,546622.0,185781.0,98.0,0.0,,,,,,,,
5.0,2.0,32.0,15513,54360.0,490009182E,LINDSEY ROAD,546977.0,185732.0,99.0,0.0,,,,,,,,
5.0,2.0,33.0,15453,52533.0,490003535E,BENNETTS CASTLE LANE,547436.0,185763.0,76.0,0.0,,,,,,,,
5.0,2.0,34.0,14953,74511.0,490009704B,MARTINS CORNER / VALENCE AVENUE,547732.0,185803.0,83.0,0.0,,,,,,,,
5.0,2.0,35.0,15518,48364.0,490003965E,CHARLECOTE ROAD,548264.0,185952.0,58.0,0.0,,,,,,,,
5.0,2.0,36.0,15520,71751.0,490006865E,WINMILL ROAD,548610.0,186109.0,69.0,0.0,,,,,,,,
5.0,2.0,37.0,15522,74740.0,490008033N,HEATHWAY,548952.0,186524.0,12.0,0.0,,,,,,,,
5.0,2.0,38.0,1831,76240.0,490003762C,WOOD LANE / MORRISONS,548983.0,186751.0,2.0,0.0,,,,,,,,
5.0,2.0,39.0,BP071,55714.0,490003763G,ALTHORNE WAY,549097.0,186919.0,83.0,0.0,,,,,,,,
5.0,2.0,40.0,9822,77461.0,490005923R,CIVIC CENTRE / WOOD LANE,549633.0,187038.0,70.0,0.0,,,,,,,,
5.0,2.0,41.0,19266,77244.0,490003660E,BARTON AVENUE,549923.0,187137.0,70.0,0.0,,,,,,,,
5.0,2.0,42.0,18348,73972.0,490005381E,CLAYTON ROAD,550162.0,187200.0,74.0,0.0,,,,,,,,
5.0,2.0,43.0,18350,74629.0,490009090E,LEONARD AVENUE,550592.0,187373.0,68.0,0.0,,,,,,,,
5.0,2.0,44.0,9008,55082.0,490005926E,DAGENHAM ROAD,551057.0,187456.0,81.0,0.0,,,,,,,,
5.0,2.0,45.0,18352,72521.0,490010443E,NORWOOD AVENUE,551401.0,187463.0,90.0,0.0,,,,,,,,
5.0,2.0,46.0,37089,51295.0,490005450N,CLYDESDALE ROAD,551645.0,187727.0,3.0,0.0,,,,,,,,
5.0,2.0,47.0,18029,74599.0,490013483N,BRENTWOOD ROAD,551572.0,188033.0,309.0,0.0,,,,,,,,
5.0,2.0,48.0,BP240,48280.0,490001243V,ROMFORD STATION #,551414.0,188442.0,350.0,0.0,,,,,,,,
5.0,2.0,49.0,BP4227,56241.0,490014452E,WESTERN ROAD,551458.0,188762.0,50.0,0.0,,,,,,,,
5.0,2.0,50.0,34118,58678.0,490011659L,ROMFORD MARKET,551319.0,189095.0,281.0,0.0,,,,,,,,
,,,10001,,,,,,,,72689.0,490013793E,TREVOR CLOSE,515781.0,174783.0,78.0,NB16,0.0
,,,10003,,,,,,,,77150.0,490000108B,HIGHBURY & ISLINGTON STATION <> #,531573.0,184786.0,127.0,C903,0.0
,,,10004,,,,,,,,48037.0,490012451S,ST MARY MAGDALENE CHURCH,531403.0,184942.0,136.0,C904,0.0
,,,10005,,,,,,,,57538.0,490012451N,ST MARY MAGDALENE CHURCH,531328.0,185009.0,322.0,C904,0.0
,,,10010,,,,,,,,48458.0,490000114Y,HOLLOWAY ROAD STATION <>,531014.0,185403.0,140.0,C703,0.0
,,,10011,,,,,,,,58713.0,490000114U,HOLLOWAY ROAD STATION <>,530939.0,185465.0,321.0,C703,0.0
,,,10014,,,,,,,,71829.0,490009485R,LYNWOOD ROAD,517950.0,182729.0,99.0,QT08,0.0
,,,10015,,,,,,,,54595.0,490009485Q,LYNWOOD ROAD,517907.0,182704.0,278.0,QT08,0.0
,,,10016,,,,,,,,71358.0,490003803W,WOOLWICH ROAD / BEDONWELL ROAD,548180.0,177996.0,254.0,E609,0.0
,,,10017,,,,,,,,53343.0,490003803E,WOOLWICH ROAD / BEDONWELL ROAD,548036.0,177997.0,88.0,E609,0.0
,,,10019,,,,,,,,54840.0,490011348E,QUEENS ROAD,521827.0,168125.0,83.0,K306,0.0
,,,10023,,,,,,,,47747.0,490012751E,ST JOSEPH'S CHURCH,521080.0,168163.0,106.0,K302,0.0
,,,10024,,,,,,,,55564.0,490012751W,ST JOSEPH'S CHURCH,521017.0,168169.0,286.0,K302,0.0
,,,10028,,,,,,,,54775.0,490014411W,WESTBURY ROAD,520697.0,168304.0,294.0,K301,0.0
,,,10031,,,,,,,,54086.0,490006079E,ARCHDALE PLACE,519927.0,168691.0,124.0,K415,0.0
,,,10032,,,,,,,,48984.0,490003361W,CALIFORNIA ROAD,520074.0,168585.0,295.0,K415,0.0
,,,10037,,,,,,,,55215.0,490014286E,WATERS ROAD,519527.0,168967.0,130.0,K206,0.0
,,,10038,,,,,,,,49132.0,490004703W,CAMBRIDGE GROVE,519254.0,169156.0,299.0,K205,0.0
,,,10041,,,,,,,,48178.0,490014039E,VICARAGE HOUSE,518954.0,169281.0,101.0,K202,0.0
,,,1005,,,,,,,,73736.0,490001237G,RAYNES PARK STATION #,523241.0,169249.0,248.0,LG02,0.0
,,,1007,,,,,,,,52849.0,490012452W,KINGS ROAD,518686.0,175064.0,278.0,M814,0.0
,,,1008,,,,,,,,52652.0,490012452SH,ST MARY'S GROVE,518796.0,175063.0,103.0,M814,0.0
,,,1010,,,,,,,,55430.0,490005340K,CLAPTON POND,534857.0,185908.0,66.0,D908,0.0
,,,10107,,,,,,,,76125.0,3700083,CEDAR WAY,500333.0,178601.0,303.0,6Z11,0.0
,,,1011,,,,,,,,54763.0,490009035E,CLAPTON POND,534887.0,186004.0,168.0,D902,0.0
,,,10111,,,,,,,,77093.0,3700085,DITTON PARK ROAD,500753.0,178316.0,124.0,6Z10,0.0
,,,1013,,,,,,,,74398.0,490006047D,CHAPTER ROAD,522062.0,184972.0,319.0,R702,0.0
,,,1014,,,,,,,,53531.0,490004989C,CHAPTER ROAD,522046.0,185008.0,137.0,R702,0.0
,,,1017,,,,,,,,77744.0,490013229P,ST JOHN STREET / GOSWELL ROAD,531453.0,183089.0,349.0,C102,0.0
,,,1019,,,,,,,,50678.0,490004760T,CANONS CORNER,518335.0,192854.0,54.0,SD07,0.0
,,,1023,,,,,,,,55186.0,490013149K,TALLY HO CORNER,526317.0,192117.0,14.0,TU08,0.0
,,,10240,,,,,,,,56141.0,490000127KA,KILBURN PARK STATION <>,525408.0,183392.0,23.0,RC09,0.0
,,,10241,,,,,,,,72081.0,490000127KB,KILBURN PARK STATION <>,525381.0,183300.0,200.0,RC09,0.0
,,,10242,,,,,,,,50012.0,490013254J,FAIRLAWN AVENUE,527295.0,189380.0,186.0,TW02,0.0
,,,10243,,,,,,,,59162.0,490010117W,MULGRAVE ROAD,524679.0,177667.0,255.0,6D02,0.0
,,,10244,,,,,,,,50268.0,490007053E,FULHAM POOLS,524535.0,177622.0,66.0,6G06,0.0
,,,10258,,,,,,,,47901.0,490010101S,THIRLMERE GARDENS,507950.0,191964.0,119.0,PN05,0.0
,,,1026,,,,,,,,72076.0,490003351Q,QUEENS GROVE,526571.0,183570.0,11.0,0Q04,0.0
,,,10260,,,,,,,,71039.0,490007622M,HOMERTON HIGH ST / HACKNEY HOSPITAL,536020.0,185145.0,252.0,DD16,0.0
,,,10261,,,,,,,,55897.0,490007622L,HOMERTON HIGH ST / HACKNEY HOSPITAL,535998.0,185150.0,73.0,DD16,0.0
,,,1027,,,,,,,,73838.0,490011336S,QUEENS GROVE,526591.0,183569.0,163.0,0Q05,0.0
,,,10281,,,,,,,,53798.0,490001197A,MORDEN SOUTH STATION #,525286.0,167949.0,5.0,LC09,0.0
,,,10282,,,,,,,,56317.0,490001197B,MORDEN SOUTH STATION #,525298.0,167852.0,202.0,LC09,0.0
,,,10283,,,,,,,,72299.0,490004960N,CHALGROVE AVENUE,525191.0,167781.0,58.0,LE14,0.0
,,,10284,,,,,,,,55063.0,490004647E,BUSHEY ROAD / GRAND DRIVE,523147.0,169056.0,79.0,LG01,0.0
,,,10287,,,,,,,,48147.0,490004647N,BUSHEY ROAD,523244.0,168951.0,357.0,LG06,0.0
,,,10288,,,,,,,,57612.0,490004647S,BUSHEY ROAD,523258.0,168879.0,176.0,LG06,0.0
,,,10289,,,,,,,,72760.0,490009036S,LEA BRIDGE ROAD,536921.0,187624.0,150.0,YJ06,0.0
,,,1029,,,,,,,,72571.0,490013205W,THAMES AVENUE,550121.0,183083.0,287.0,WK06,0.0
,,,10290,,,,,,,,58626.0,490009668N,LEA BRIDGE ROAD,536889.0,187654.0,325.0,YJ06,0.0
,,,10297,,,,,,,,56388.0,490004188S,ST SAVIOUR'S CHURCH,536738.0,187903.0,153.0,YA04,0.0
,,,1030,,,,,,,,72331.0,490001014B,BARNES STATION #,522211.0,175652.0,217.0,M401,0.0
,,,10300,,,,,,,,59406.0,490011346N,QUEENS ROAD,536609.0,188269.0,356.0,YA03,0.0
,,,10302,,,,,,,,71309.0,490009667N,MARKHOUSE AVENUE,536560.0,188526.0,347.0,YA02,0.0
,,,10303,,,,,,,,56071.0,490009667S,MARKHOUSE AVENUE,536578.0,188491.0,167.0,YA02,0.0
,,,10308,,,,,,,,54143.0,490007974N,HAZELWOOD ROAD,536257.0,188881.0,318.0,YH12,0.0
,,,10309,,,,,,,,74646.0,490014166R,WALTHAMSTOW MARKET,536302.0,188834.0,156.0,YH12,0.0
,,,1031,,,,,,,,55951.0,490001014A,BARNES STATION #,522267.0,175737.0,38.0,M401,0.0
,,,10313,,,,,,,,58587.0,490009306S,LONGFIELD AVENUE,536069.0,189104.0,165.0,YH11,0.0
,,,10316,,,,,,,,50920.0,490000024A,BLACKHORSE ROAD STATION <> #,535855.0,189345.0,348.0,YH10,0.0
,,,10317,,,,,,,,73411.0,490000024B,BLACKHORSE ROAD STATION <> #,535861.0,189367.0,166.0,YH10,0.0
,,,10318,,,,,,,,54906.0,490004103N,BLENHEIM ROAD,535857.0,189755.0,351.0,YG03,0.0
,,,10319,,,,,,,,48960.0,490006928S,FOREST ROAD,535864.0,189465.0,205.0,YH09,0.0
,,,10320,,,,,,,,55452.0,490006928N,FOREST ROAD,535867.0,189518.0,20.0,YH09,0.0
,,,10321,,,,,,,,77849.0,490004103S,BLENHEIM ROAD,535904.0,189660.0,165.0,YG04,0.0
,,,10324,,,,,,,,55434.0,490012034N,WALTHAM FOREST COLLEGE,535857.0,190128.0,9.0,YG02,0.0
,,,10325,,,,,,,,52834.0,490011183S,PRIESTLEY WAY,535886.0,189904.0,190.0,YG03,0.0
,,,10327,,,,,,,,77138.0,490012034S,WALTHAM FOREST COLLEGE,535873.0,190136.0,183.0,YG02,0.0
,,,10328,,,,,,,,49402.0,490005353N,CLARENCE ROAD,535784.0,190307.0,347.0,YG01,0.0
,,,10330,,,,,,,,75429.0,490009019E,LAWRENCE AVENUE,535912.0,190708.0,89.0,Y510,0.0
,,,10331,,,,,,,,76183.0,490014940S,WORCESTER ROAD,535770.0,190461.0,165.0,Y511,0.0
,,,10333,,,,,,,,53754.0,490009019W,LAWRENCE AVENUE,535956.0,190699.0,269.0,Y510,0.0
,,,10334,,,,,,,,56904.0,490008134E,HIGHAM HILL ROAD,536098.0,190735.0,79.0,Y509,0.0
,,,10337,,,,,,,,56118.0,490008134W,HIGHAM HILL ROAD,536108.0,190722.0,259.0,Y509,0.0
,,,10338,,,,,,,,48643.0,490007597E,GUILDSWAY,536614.0,190824.0,87.0,Y507,0.0
,,,10340,,,,,,,,74874.0,490010345E,NORTH COUNTESS ROAD,536822.0,190825.0,88.0,Y506,0.0
,,,10341,,,,,,,,76593.0,490007597W,GUILDSWAY,536583.0,190813.0,266.0,Y507,0.0
,,,10342,,,,,,,,75441.0,490009759E,WALTHAMSTOW ACADEMY,537012.0,190868.0,67.0,Y505,0.0
,,,10343,,,,,,,,75778.0,490010345W,NORTH COUNTESS ROAD,536782.0,190809.0,265.0,Y506,0.0
,,,10345,,,,,,,,57148.0,490009759W,WALTHAMSTOW ACADEMY,537028.0,190857.0,246.0,Y505,0.0
,,,10347,,,,,,,,49767.0,490004905W,CECIL ROAD,537174.0,190909.0,259.0,Y504,0.0
,,,10351,,,,,,,,74998.0,3700077,KAYWOOD CLOSE,499482.0,179165.0,131.0,6Z14,0.0
,,,10359,,,,,,,,55458.0,490006616E,ERITH FIRE STATION,549767.0,178438.0,63.0,E513,0.0
,,,10360,,,,,,,,56127.0,490006616W,ERITH FIRE STATION,549808.0,178442.0,246.0,E513,0.0
,,,10362,,,,,,,,56616.0,490003959S,BEULAH SPA,532748.0,170084.0,152.0,HR06,0.0
,,,10363,,,,,,,,58665.0,490003959N,BEULAH SPA,532719.0,170115.0,332.0,HR06,0.0
,,,10364,,,,,,,,53488.0,490003497E,AVENUE ROAD,527416.0,183348.0,48.0,8G04,0.0
,,,10365,,,,,,,,73092.0,490003497W,AVENUE ROAD,527511.0,183406.0,235.0,8G04,0.0
,,,1037,,,,,,,,53342.0,490012521E,STAMFORD BROOK BUS GARAGE,521636.0,178587.0,77.0,NG02,0.0
,,,1038,,,,,,,,71601.0,490012521PP,STAMFORD BROOK BUS GARAGE,521620.0,178568.0,257.0,NG02,0.0
,,,1039,,,,,,,,51237.0,490005210SS,CHISWICK POLICE STATION,520905.0,178487.0,266.0,NG04,0.0
,,,104,,,,,,,,59457.0,490001108W,FENCHURCH STREET STATION #,533329.0,180989.0,243.0,1007,0.0
,,,1040,,,,,,,,76767.0,490005423FF,CLIFTON GARDENS,520773.0,178494.0,90.0,NG05,0.0
,,,1041,,,,,,,,77336.0,490012434HH,ST ANN'S ROAD,531763.0,188697.0,351.0,9A13,0.0
,,,1042,,,,,,,,52990.0,490012434HK,ST ANN'S ROAD,531756.0,188835.0,172.0,9A13,0.0
,,,1043,,,,,,,,58527.0,490013739M,PHILIP LANE,533739.0,189444.0,13.0,9D01,0.0
,,,10439,,,,,,,,55159.0,490007093W1,WOOLWICH ROAD / GALLIONS ROAD,540897.0,178446.0,261.0,GP05,0.0
,,,1045,,,,,,,,52812.0,490011849RB,SADLER'S WELLS THEATRE,531476.0,182834.0,211.0,C110,0.0
,,,10458,,,,,,,,52726.0,490008264S,ST MARY OF ETON CHURCH,536695.0,184772.0,176.0,DE01,0.0
,,,10459,,,,,,,,76775.0,490008264N,ST MARY OF ETON CHURCH,536683.0,184824.0,355.0,DE01,0.0
,,,1046,,,,,,,,54519.0,490011849RA,SADLER'S WELLS THEATRE,531467.0,182843.0,31.0,C110,0.0
,,,10460,,,,,,,,72310.0,490008109T,HESA ROAD,510501.0,180922.0,25.0,P102,0.0
,,,10462,,,,,,,,77778.0,490013979Q,THE GRAPES,510673.0,181129.0,208.0,P103,0.0
,,,10464,,,,,,,,71195.0,490006951N,FORTUNE GREEN,525100.0,185526.0,356.0,8B13,0.0
,,,10465,,,,,,,,71434.0,490014468S,WEST HAMPSTEAD POLICE STATION,525220.0,185397.0,129.0,8B12,0.0
,,,10468,,,,,,,,73028.0,490015102C,LEA BRIDGE ROAD / BAKERS ARMS,537871.0,188255.0,32.0,YD02,0.0
,,,10469,,,,,,,,77513.0,490015102D,LEA BRIDGE ROAD / BAKERS ARMS,537843.0,188198.0,220.0,YD02,0.0
,,,1049,,,,,,,,58644.0,490000094B,GUNNERSBURY STATION <> #,519799.0,178464.0,81.0,NF07,0.0
,,,1051,,,,,,,,73188.0,490003269N,ALPHA CLOSE,527451.0,182506.0,313.0,0T05,0.0
,,,1052,,,,,,,,49244.0,490011716S,ROSSMORE ROAD,527604.0,182407.0,126.0,0T04,0.0
,,,1054,,,,,,,,54965.0,490006008W,DEAN STREET / CHINATOWN,529797.0,180925.0,237.0,0C06,0.0
,,,1057,,,,,,,,71271.0,490015239K,HOLBORN STATION <>,530640.0,181536.0,252.0,8016,0.0
,,,10580,,,,,,,,48232.0,490010001S,MONTPELIER ROAD,517584.0,181651.0,153.0,QS08,0.0
,,,1059,,,,,,,,49218.0,490010149J,NAPIER PLACE,524584.0,179096.0,315.0,7901,0.0
,,,106,,,,,,,,76770.0,490012357W2,SOUTHWARK TOWN HALL,533283.0,176714.0,269.0,3P06,0.0
,,,1061,,,,,,,,47857.0,490010305E,NORLAND SQUARE,524330.0,180094.0,69.0,7706,0.0
,,,1062,,,,,,,,51009.0,490000113G,HOLLAND PARK STATION <>,524595.0,180195.0,244.0,7801,0.0
,,,1063,,,,,,,,74899.0,490006437HE,EDITH GROVE,526132.0,177655.0,43.0,7F15,0.0
,,,1064,,,,,,,,53729.0,490007055HK,FULHAM ROAD / CHELSEA & WESTMINSTER HOSP,526146.0,177729.0,140.0,7F03,0.0
,,,1065,,,,,,,,74282.0,490006437HB,EDITH GROVE,526212.0,177722.0,228.0,7F15,0.0
,,,1067,,,,,,,,74955.0,490003726E,FULHAM ROAD / BEAUFORT STREET,526562.0,178085.0,42.0,7F17,0.0
,,,1069,,,,,,,,48108.0,490006514N,OLD CHURCH STREET,526724.0,178261.0,41.0,7C03,0.0
,,,10690,,,,,,,,52589.0,490015411N,SPUR ROAD / ORPINGTON WAR MEMORIAL,546166.0,165873.0,273.0,F707,0.0
,,,10694,,,,,,,,73356.0,490011165S,PRATTS BOTTOM / SEVENOAKS ROAD,547131.0,162667.0,186.0,F421,0.0
,,,107,,,,,,,,49574.0,490000119M,HYDE PARK CORNER STATION <>,528274.0,179818.0,250.0,0J05,0.0
,,,1070,,,,,,,,74835.0,490006514S,OLD CHURCH STREET,526702.0,178215.0,221.0,7C03,0.0
,,,10705,,,,,,,,52614.0,490015411L,SEVENOAKS ROAD / ORPINGTON WAR MEMORIAL,546076.0,165793.0,11.0,F706,0.0
,,,1071,,,,,,,,49984.0,490010603N,ONSLOW SQUARE,526985.0,178620.0,322.0,7C05,0.0
,,,10715,,,,,,,,75702.0,490014077E,VILLAGE GREEN ROAD,552042.0,175069.0,74.0,EE11,0.0
,,,10716,,,,,,,,57226.0,490013537W,THE RISE,551968.0,175037.0,253.0,EE12,0.0
,,,10717,,,,,,,,49819.0,490012543E,STANHAM PLACE,552394.0,175129.0,84.0,EE10,0.0
,,,10719,,,,,,,,75082.0,490013433S,THE JOLLY FARMERS OPEN SPACE,552522.0,175146.0,244.0,EE09,0.0
,,,1072,,,,,,,,52470.0,490010603S,ONSLOW SQUARE,526989.0,178635.0,142.0,7C05,0.0
,,,10720,,,,,,,,51040.0,490013433N,MILL PLACE,552615.0,175256.0,27.0,EE09,0.0
,,,10721,,,,,,,,49603.0,490010950W,PERRY STREET,551584.0,176098.0,269.0,EE19,0.0
,,,10722,,,,,,,,55185.0,490010950E,PERRY STREET,551617.0,176107.0,89.0,EE19,0.0
,,,10723,,,,,,,,52503.0,490006670W,EVERSLEY CROSS,551316.0,176093.0,269.0,ED11,0.0
,,,10724,,,,,,,,56047.0,490006670E,EVERSLEY CROSS,551278.0,176101.0,89.0,ED11,0.0
,,,10725,,,,,,,,77759.0,490009597W,NORTHALL ROAD / MANOR WAY,550463.0,176129.0,274.0,ED08,0.0
,,,10726,,,,,,,,77451.0,490009597E,PARKSIDE AVENUE / MANOR WAY,550723.0,176098.0,90.0,ED09,0.0
,,,10729,,,,,,,,75645.0,490010356W,BRIDGE ROAD / NORTHEND ROAD,551712.0,176489.0,250.0,E105,0.0
,,,1073,,,,,,,,76752.0,490010928E,PENTON STREET,531073.0,183104.0,81.0,C007,0.0
,,,1074,,,,,,,,49357.0,490010928W,PENTON STREET / CHAPEL MARKET,531164.0,183107.0,258.0,C007,0.0
,,,1075,,,,,,,,56776.0,490007598N,GUILFORD STREET,530828.0,182245.0,323.0,8801,0.0
,,,1076,,,,,,,,54383.0,490007598S,GUILFORD STREET,530787.0,182322.0,143.0,8801,0.0
,,,1077,,,,,,,,71366.0,490000123B,KENTISH TOWN STATION <> #,528990.0,185246.0,335.0,8K08,0.0
,,,1078,,,,,,,,75430.0,490000123A,KENTISH TOWN STATION <> #,529012.0,185118.0,185.0,8K08,0.0
,,,10794,,,,,,,,73705.0,490015290S,COOMBE ROAD,532621.0,164939.0,171.0,HC28,0.0
,,,10795,,,,,,,,56718.0,490015290N,COOMBE ROAD,532608.0,164915.0,354.0,HC28,0.0
,,,10797,,,,,,,,49354.0,490005575N,BIRDHURST GARDENS,533054.0,164687.0,31.0,HE09,0.0
,,,10798,,,,,,,,72199.0,490004026B,BIRDHURST ROAD / SOUTH CROYDON STATION #,533039.0,164261.0,114.0,HE11,0.0
,,,10799,,,,,,,,55814.0,490001258A,BIRDHURST ROAD / SOUTH CROYDON STATION #,532948.0,164290.0,290.0,HE11,0.0
,,,1080,,,,,,,,47253.0,490015396NK,NEWINGTON GREEN,532820.0,185381.0,14.0,CA02,0.0
,,,10804,,,,,,,,54305.0,490004802S2,CARLTON ROAD,532947.0,163532.0,176.0,HE26,0.0
,,,10806,,,,,,,,51493.0,490004802N,TWIN BRIDGES BUSINESS PARK,532935.0,163608.0,303.0,HE25,0.0
,,,10807,,,,,,,,74493.0,490004802S1,CARLTON ROAD,533012.0,163573.0,119.0,HE25,0.0
,,,10808,,,,,,,,77760.0,490005794E,CROHAM ROAD,532663.0,164229.0,344.0,HD10,0.0
,,,1081,,,,,,,,77826.0,490010224S3,ALBION ROAD,532793.0,185469.0,126.0,CA02,0.0
,,,10811,,,,,,,,59436.0,4.90E+24,ELECTRIC HOUSE,532519.0,165679.0,333.0,HC12,0.0
,,,10813,,,,,,,,48143.0,4.90E+23,WHITGIFT CENTRE,532444.0,165831.0,335.0,HC11,0.0
,,,10814,,,,,,,,75479.0,4.90E+19,WHITGIFT CENTRE,532432.0,165928.0,155.0,HC11,0.0
,,,10816,,,,,,,,76006.0,490011275C,PURLEY WAY / WADDON STATION #,530973.0,164850.0,263.0,H901,0.0
,,,10817,,,,,,,,52173.0,490011275D,PURLEY WAY / WADDON STATION #,530956.0,164861.0,83.0,H901,0.0
,,,1082,,,,,,,,49943.0,490019676NB,GREEN LANES,532855.0,185470.0,193.0,CA11,0.0
,,,10820,,,,,,,,53062.0,490013603C,PURLEY OAKS STATION #,532396.0,162905.0,207.0,H403,0.0
,,,10821,,,,,,,,72161.0,490013603N,PURLEY OAKS STATION #,532321.0,162781.0,27.0,H403,0.0
,,,10824,,,,,,,,75325.0,490011259G,PURLEY / DOWNLANDS PRECINCT,531352.0,161707.0,227.0,H511,0.0
,,,10825,,,,,,,,56739.0,490005236N,CHRISTCHURCH ROAD / PURLEY HOSPITAL,531508.0,161865.0,48.0,H513,0.0
,,,10828,,,,,,,,49076.0,490005574V,COOMBE ROAD,532424.0,164816.0,3.0,HC20,0.0
,,,10829,,,,,,,,50432.0,490005574S,COOMBE ROAD,532415.0,164953.0,164.0,HC21,0.0
,,,1083,,,,,,,,58305.0,490009224Z,LIVERPOOL ROAD,531119.0,185283.0,137.0,C702,0.0
,,,10833,,,,,,,,71688.0,490010864N,PASTEUR GARDENS,532570.0,192128.0,346.0,U502,0.0
,,,10834,,,,,,,,57879.0,490010864S,PASTEUR GARDENS,532599.0,192130.0,167.0,U502,0.0
,,,10835,,,,,,,,48321.0,490006564N,EMPIRE PARADE,532644.0,191812.0,353.0,U501,0.0
,,,10836,,,,,,,,49187.0,490006564S,EMPIRE PARADE,532674.0,191766.0,177.0,U501,0.0
,,,10839,,,,,,,,76029.0,490010323H,CHURCH HILL ROAD,523483.0,164970.0,323.0,JC08,0.0
,,,1084,,,,,,,,49908.0,490009224Y,LIVERPOOL ROAD,531145.0,185230.0,319.0,C702,0.0
,,,10840,,,,,,,,49495.0,490010323J,CHURCH HILL ROAD,523534.0,164918.0,142.0,JC08,0.0
,,,10852,,,,,,,,47321.0,490010753W,PARK AVENUE,530550.0,190781.0,297.0,9712,0.0
,,,10856,,,,,,,,75436.0,490003236W,ALLIANCE ROAD,519612.0,182238.0,276.0,Q403,0.0
,,,10860,,,,,,,,76955.0,490012359S,SOUTHWOOD AVENUE,528783.0,187935.0,147.0,9109,0.0
,,,10864,,,,,,,,48609.0,490007797N,HARINGEY CIVIC CENTRE,530894.0,190703.0,346.0,9705,0.0
,,,10866,,,,,,,,47410.0,490007797S,HARINGEY CIVIC CENTRE,530910.0,190702.0,166.0,9705,0.0
,,,10868,,,,,,,,74928.0,490004746S,CANNING CRESCENT,530852.0,190905.0,162.0,9706,0.0
,,,1087,,,,,,,,71108.0,490000052SB,CLAPHAM SOUTH STATION <>,528750.0,174295.0,85.0,5912,0.0
,,,10871,,,,,,,,50921.0,490003925S,BERKSHIRE GARDENS,530955.0,191645.0,193.0,U601,0.0
,,,10872,,,,,,,,57424.0,490003875N,BERKSHIRE GARDENS,530958.0,191728.0,9.0,U601,0.0
,,,10875,,,,,,,,48450.0,490010333W,TOTTENHALL ROAD,531004.0,191963.0,182.0,U602,0.0
,,,10878,,,,,,,,71522.0,490004486J,BROOMFIELD LANE,530970.0,192377.0,2.0,U604,0.0
,,,10879,,,,,,,,51198.0,490004486K,BROOMFIELD LANE,530985.0,192396.0,182.0,U604,0.0
,,,1088,,,,,,,,72201.0,490000052SA,CLAPHAM SOUTH STATION <>,528741.0,174281.0,265.0,5912,0.0
,,,10880,,,,,,,,53256.0,490010736G,PALMERS GREEN / THE TRIANGLE,530996.0,192606.0,6.0,U605,0.0
,,,10881,,,,,,,,47221.0,490009248C,LODGE DRIVE,531110.0,192821.0,26.0,U606,0.0
,,,10883,,,,,,,,75172.0,490006974A,FOX LANE,531172.0,192966.0,19.0,U607,0.0
,,,10885,,,,,,,,71425.0,490006974Z,FOX LANE,531220.0,193067.0,199.0,U607,0.0
,,,10888,,,,,,,,55929.0,490011855N,ST MONICA'S CHURCH,531418.0,193381.0,62.0,U701,0.0
